[
  {
    "id": "basic",
    "name": "BASIC",
    "icon": "fa-rocket",
    "description": "Ideal para pequeños equipos que inician en la gestión digital.",
    "price": 200,
    "userLimit": 10,
    "highlight": false,
    "features": [
      "Módulo de Correspondencia",
      "Módulo de Gestión Documental",
      "Módulo de Archivo Central",
      "Firmas Electrónicas Simples Ilimitadas",
      "100 GB de almacenamiento incluidos"
    ],
    "buttonText": "Contactar con Ventas",
    "buttonAction": "contact",
    "style": "standard"
  },
  {
    "id": "standard",
    "name": "STANDARD",
    "icon": "fa-layer-group",
    "description": "Para empresas en crecimiento con necesidades de PQRS.",
    "price": 750,
    "userLimit": 50,
    "highlight": true,
    "features": [
      "Módulo de Correspondencia",
      "Módulo de Gestión Documental",
      "Módulo de Archivo Central",
      "Módulo de Creación de Plantillas",
      "Módulo de PQRS",
      "Reportes Ampliados",
      "Firmas Electrónicas Simples Ilimitadas",
      "50 emails certificados por mes",
      "50 firmas certificadas por mes",
      "Inteligencia Artificial Básica (IA)",
      "200 GB de almacenamiento incluidos"
    ],
    "buttonText": "Contactar con Ventas",
    "buttonAction": "contact",
    "style": "standard"
  },
  {
    "id": "professional",
    "name": "PROFESSIONAL",
    "icon": "fa-briefcase",
    "description": "Solución completa certificada con ISO 9001.",
    "price": 2000,
    "userLimit": 100,
    "highlight": false,
    "features": [
      "Módulo de Correspondencia",
      "Módulo de Gestión Documental",
      "Módulo de Archivo Central",
      "Módulo de Creación de Plantillas",
      "Módulo de PQRS",
      "Reportes Ampliados",
      "Firmas Electrónicas Simples Ilimitadas",
      "100 emails certificados por mes",
      "100 firmas certificadas por mes",
      "Inteligencia Artificial Básica (IA)",
      "Inteligencia Artificial Avanzada (IA)",
      "Módulo de Mesa de Servicio (Help Desk)",
      "Módulo Sistema ISO 9001:2015",
      "Módulo de Flujos de Trabajo",
      "Integraciones Avanzadas (LDAP, API, ERP, CRM, etc.)",
      "500 GB de almacenamiento incluidos"
    ],
    "buttonText": "Contactar con Ventas",
    "buttonAction": "contact",
    "style": "standard"
  },
  {
    "id": "enterprise",
    "name": "ENTERPRISE",
    "icon": "fa-building",
    "description": "Infraestructura dedicada y soporte corporativo.",
    "price": "Contactar",
    "userLimit": "Más de 100",
    "highlight": false,
    "features": [
      "Modelo SaaS Empresarial (Nube)",
      "Selección libre de módulos según necesidad",
      "Escalabilidad ilimitada en usuarios y operación",
      "Soporte prioritario y acompañamiento especializado",
      "Instancias dedicadas de la plataforma"
    ],
    "buttonText": "Hablar con un asesor Enterprise",
    "buttonAction": "contact",
    "style": "white"
  },
  {
    "id": "dev_custom",
    "name": "PROCESOS A MEDIDA",
    "icon": "fa-code-branch",
    "description": "Desarrollo y adaptación de procesos específicos.",
    "price": "Contactar",
    "userLimit": "Usuarios según necesidad",
    "highlight": false,
    "features": [
      "Diagnóstico de proceso",
      "Levantamiento integral de requisitos",
      "Documentación del proceso y Casos de Uso",
      "Diseño del proceso y arquitectura funcional",
      "Prototipo funcional y demostración ejecutiva",
      "Automatización total del flujo",
      "Implementación técnica del proceso",
      "Integración con sistemas ya existentes",
      "Líder de proyecto asignado",
      "Soporte técnico y funcional por 12 meses"
    ],
    "buttonText": "Solicitar propuesta personalizada",
    "buttonAction": "contact",
    "style": "standard"
  },
  {
    "id": "custom",
    "name": "CREA TU PLAN",
    "icon": "fa-sliders-h",
    "description": "Diseña una arquitectura personalizada de SAIA según el tamaño de tu organización, los módulos requeridos y el volumen de información que gestionas.",
    "price": null,
    "userLimit": null,
    "highlight": false,
    "features": [
      "Módulos funcionales (Correspondencia, Gestión Documental, Archivo Central, PQRS, ISO 9001, Mesa de Servicio, etc.)",
      "Número de usuarios concurrentes",
      "Capacidad de almacenamiento (GB/TB)",
      "Obtén una estimación de inversión mensual, una recomendación técnica del modelo óptimo y una cotización formal en 24 horas."
    ],
    "buttonText": "Configurar tu Plan",
    "buttonAction": "custom",
    "style": "dashed"
  }
]
