[
  {
    "id": "faq-1",
    "question": "¿Cuáles son los tiempos de implementación?",
    "answer": "La implementación suele realizarse entre 7 y 30 días dependiendo de la complejidad de su configuración y los módulos seleccionados. Para planes Enterprise o configuraciones personalizadas, el tiempo puede extenderse según los requisitos específicos."
  },
  {
    "id": "faq-2",
    "question": "¿Qué incluye el modelo SaaS?",
    "answer": "El modelo SaaS incluye: infraestructura 100% en la nube, acceso 24/7 desde cualquier lugar, actualizaciones automáticas incluidas, respaldo y protección de la información, escalabilidad según usuarios y módulos, y soporte técnico especializado."
  },
  {
    "id": "faq-3",
    "question": "¿Puedo cambiar de plan después de contratar?",
    "answer": "Sí, puede actualizar su plan en cualquier momento. Los cambios se reflejan en el siguiente ciclo de facturación. Si necesita reducir su plan, puede contactar a nuestro equipo de ventas para evaluar las opciones disponibles."
  },
  {
    "id": "faq-4",
    "question": "¿Qué métodos de pago aceptan?",
    "answer": "Aceptamos pagos mediante transferencia bancaria, tarjeta de crédito y débito. Los pagos pueden realizarse de forma mensual o anual, con un descuento del 15% en la modalidad anual."
  },
  {
    "id": "faq-5",
    "question": "¿Hay límite en el número de usuarios?",
    "answer": "Los planes Basic, Standard y Professional tienen límites de 10, 50 y 100 usuarios respectivamente. El plan Enterprise permite escalabilidad ilimitada según sus necesidades. En el cotizador puede ajustar el número de usuarios hasta 500 para estimar precios."
  },
  {
    "id": "faq-6",
    "question": "¿Qué módulos están incluidos en cada plan?",
    "answer": "Cada plan incluye diferentes módulos. El plan Basic incluye Correspondencia, Gestión Documental y Archivo. Standard añade PQRS y plantillas. Professional incluye Help Desk, ISO 9001 y flujos de trabajo. Enterprise permite selección libre de módulos según necesidad."
  },
  {
    "id": "faq-7",
    "question": "¿Ofrecen capacitación para los usuarios?",
    "answer": "Sí, ofrecemos capacitación inicial para administradores y usuarios finales. El alcance y modalidad de la capacitación varía según el plan contratado. Para planes Enterprise, la capacitación es más personalizada y extensiva."
  },
  {
    "id": "faq-8",
    "question": "¿Cómo funcionan las firmas electrónicas?",
    "answer": "El sistema incluye firmas electrónicas simples ilimitadas en todos los planes. Los planes Standard y Professional incluyen además firmas certificadas con límites mensuales (50 y 100 respectivamente). Las firmas cumplen con estándares legales vigentes."
  },
  {
    "id": "faq-9",
    "question": "¿Puedo integrar el sistema con otros software?",
    "answer": "Sí, el plan Professional y Enterprise incluyen integraciones avanzadas con sistemas como LDAP, API, ERP, CRM y otros. Las integraciones pueden ser personalizadas según sus necesidades específicas en el plan Enterprise."
  },
  {
    "id": "faq-10",
    "question": "¿Qué nivel de soporte técnico incluye?",
    "answer": "Todos los planes incluyen soporte técnico especializado. El plan Enterprise incluye soporte prioritario y acompañamiento especializado. El soporte está disponible durante horario laboral, con opciones extendidas según el plan."
  },
  {
    "id": "faq-11",
    "question": "¿Los datos están seguros en la nube?",
    "answer": "Sí, implementamos medidas de seguridad avanzadas incluyendo encriptación de datos, respaldos diarios automáticos, protección contra accesos no autorizados y cumplimiento con estándares de seguridad de la información. Sus datos están protegidos con seguridad blindada."
  },
  {
    "id": "faq-12",
    "question": "¿Puedo probar el sistema antes de contratar?",
    "answer": "Sí, ofrecemos períodos de prueba para que pueda evaluar el sistema. Contacte a nuestro equipo de ventas para coordinar una demostración personalizada y acceso a una versión de prueba según sus necesidades."
  },
  {
    "id": "faq-13",
    "question": "¿Qué sucede si necesito más almacenamiento?",
    "answer": "El almacenamiento es configurable en el cotizador. Puede ajustar la cantidad de GB según sus necesidades. Si requiere más almacenamiento después de contratar, puede actualizar su plan o contactar a ventas para ajustes personalizados."
  },
  {
    "id": "faq-14",
    "question": "¿El sistema funciona en dispositivos móviles?",
    "answer": "Sí, el sistema es completamente responsive y accesible desde cualquier dispositivo (computadoras, tablets y smartphones) con conexión a internet. El acceso 24/7 está garantizado desde cualquier lugar."
  },
  {
    "id": "faq-15",
    "question": "¿Qué es la Inteligencia Artificial incluida?",
    "answer": "Los planes Standard y Professional incluyen Inteligencia Artificial básica. El plan Professional añade IA avanzada. La IA permite automatización cognitiva, análisis de datos integrado y optimización de procesos documentales."
  },
  {
    "id": "faq-16",
    "question": "¿Hay costos ocultos o adicionales?",
    "answer": "No, el precio mostrado en el cotizador incluye todos los costos base del plan seleccionado. Los únicos ajustes serían por cambios en usuarios, almacenamiento o módulos adicionales, todos transparentes en el cotizador."
  },
  {
    "id": "faq-17",
    "question": "¿Puedo cancelar mi suscripción en cualquier momento?",
    "answer": "Sí, puede cancelar su suscripción en cualquier momento. La cancelación se procesa al final del período de facturación actual. No hay penalizaciones por cancelación anticipada."
  },
  {
    "id": "faq-18",
    "question": "¿Cómo funciona el plan 'Procesos a Medida'?",
    "answer": "El plan 'Procesos a Medida' permite personalización completa de módulos y funcionalidades según sus necesidades específicas. Incluye desarrollo de módulos personalizados, integraciones a medida y acompañamiento especializado. Contacte a ventas para una cotización personalizada."
  }
]
