[
  {
    "id": "gestion_documental",
    "name": "Gestión Documental",
    "icon": "fa-folder-open",
    "order": 1
  },
  {
    "id": "atencion_servicio",
    "name": "Atención y Servicio",
    "icon": "fa-headset",
    "order": 2
  },
  {
    "id": "cumplimiento_gobierno",
    "name": "Cumplimiento y Gobierno",
    "icon": "fa-shield-halved",
    "order": 3
  },
  {
    "id": "procesos_operaciones",
    "name": "Procesos y Operaciones",
    "icon": "fa-gear",
    "order": 4
  },
  {
    "id": "personalizacion",
    "name": "Personalización",
    "icon": "fa-wand-magic-sparkles",
    "order": 5
  },
  {
    "id": "otros",
    "name": "Otros",
    "icon": "fa-cubes",
    "order": 99
  }
]
