{
  "header": {
    "title": "Configura tu plataforma SAIA en menos de 30 segundos y recibe una cotización exacta para tu organización.",
    "subtitle": "Selecciona los módulos, usuarios y recursos que necesitas, y obtén una propuesta personalizada sin compromiso.",
    "disclaimer": "Tu configuración se basa en una plataforma segura, certificada y respaldada en tecnología AWS con cumplimiento normativo ISO y respaldo automático diario."
  },
  "backButton": {
    "text": "Volver a Planes",
    "icon": "fa-arrow-left"
  },
  "sidebar": {
    "configTitle": "Configuración",
    "saasInfoCard": {
      "items": [
        "Modelo SaaS 100% en la nube",
        "Acceso 24/7 desde cualquier lugar",
        "Actualizaciones automáticas incluidas",
        "Respaldo y protección de la información",
        "Escalable según usuarios y módulos",
        "Soporte técnico especializado"
      ]
    }
  },
  "priceLabels": {
    "monthly": "Precio Estimado (Mensual)",
    "annual": "Precio Estimado (Anual)",
    "originalPrice": "Precio original",
    "customService": "Requiere Cotización personalizada"
  },
  "breakdown": {
    "users": "Usuarios",
    "modules": "Módulos",
    "storage": "Almacenamiento",
    "storageIncluded": "Incluido",
    "enterpriseMultiplier": "Multiplicador Enterprise",
    "perUser": "por usuario",
    "selected": "seleccionados",
    "includes": "Incluye"
  },
  "modulesSection": {
    "infoLinkText": "Más info",
    "infoLinkTitle": "Más información sobre"
  }
}
