{
  "numero_usuarios": {
    "titulo": "¿Por qué elegir más usuarios?",
    "texto": "Cada usuario representa un acceso individual al sistema. A mayor número de usuarios, más personas de tu organización pueden trabajar simultáneamente en la plataforma, sin compartir credenciales y manteniendo la trazabilidad individual de las acciones."
  },
  "almacenamiento_gb": {
    "titulo": "¿Qué es el almacenamiento (GB)?",
    "texto": "El almacenamiento en GB corresponde al espacio disponible para guardar documentos, archivos y registros dentro de SAIA. A mayor almacenamiento, más historial documental, anexos y soportes puedes conservar sin necesidad de depuración temprana."
  }
}
