[
  {
    "icon": "fa-cloud",
    "title": "Infraestructura 100% SaaS",
    "description": "Despliegue inmediato, seguro y sin costos de hardware."
  },
  {
    "icon": "fa-business-time",
    "title": "Disponibilidad 24/7",
    "description": "Acceso garantizado desde cualquier dispositivo y lugar."
  },
  {
    "icon": "fa-rotate",
    "title": "Actualizaciones Automáticas",
    "description": "Siempre contará con la última versión y mejoras."
  },
  {
    "icon": "fa-certificate",
    "title": "Cumplimiento Normativo",
    "description": "Gestión documental alineada con normas AGN e ISO."
  },
  {
    "icon": "fa-brain",
    "title": "Inteligencia Artificial",
    "description": "Automatización cognitiva y análisis de datos integrado."
  },
  {
    "icon": "fa-headset",
    "title": "Soporte Corporativo",
    "description": "Acompañamiento especializado por expertos."
  },
  {
    "icon": "fa-shield-halved",
    "title": "Seguridad Blindada",
    "description": "Protección de datos empresariales y respaldos diarios."
  },
  {
    "icon": "fa-cubes",
    "title": "Modularidad Total",
    "description": "Personalice su solución activando solo los módulos necesarios."
  }
]
